Exhibitor,Stand
Assa Abloy,5/F50
Comelit-PAC,5/F60
Honeywell Commercial Security,5/F20
Johnson Controls,5/F30
TDSi,5/G60
Videcon,5/G10
2N,"5/K35, 5/K70"
3xLogic,5/F100
ABUS,5/N130
Access Control Executive Brief,5/J150
Access Security Products,5/M100
Access2,5/H90
ACRE,5/J55
ADI Global Distribution,5/J20
AES,5/M132
Akuvox,5/M85
Alarm.com,5/K10
Alecto Recruitment Limited,5/H133
Alltrade,5/J7
Altronix,5/L30
Amadeo Systems,5/M70
AMAG Technology,5/J10
Amalock,5/J70
AMG Systems,5/K90
Antrica,5/G142
Arana Security,5/H140
ARMA KONTROL,5/M120
ASL,5/K70
Aspire Monitoring Services,5/K45
Automatic Systems S.A.,5/K105
Barkers Fencing,5/M142
BAS-IP,5/L113
Benchmark,5/P84
BQT Solutions UK,5/K100
Briefcam,5/N97
British Security Industry Association,5/N155
Brivo,5/J35
Bticino - a brand of Legrand,5/G117
Cadmus Distribution Group,5/G107
CAME ENTROTEC/ CAME KMS,5/K55
CAME UK,5/K60
Cards-x,5/P87
Carson,5/K70
CCTV Hire & Sales,5/K30
CIE-Group,5/K70
CLD Physical Security Systems,5/L140
Clearway,5/K130
CloudPass,5/L19
Commend UK,5/G50
Commtel,5/L96
Convergint,5/G20
COP UK,5/L20
CoreWillSoft,5/H155
CSE Crosscom,5/L53
CSL,5/J50
Custom Consoles,5/L40
CyberLock,5/F130
Dahua Technology UK,5/F90
Deister Electronic,5/H30
Delta Controls,5/J100
DNAKE,5/L109
Doris CCTV,5/H105
Dormakaba,5/F127
DVS,5/J120
Dycon Power Solutions,5/F125
Dynamic CCTV,5/G30
EMKA,4/N67
EntrySign,5/N55
ERL,5/F105
Essence Security,5/G127
EvTrack,5/H107
FAAC Entrance Solutions,5/M50
FAAC Ireland / National Automation,5/M50
FAAC Technologies,5/M50
Fadini,5/M117
Fairfield Trading,5/K107
Fanvil,5/M130
Farpointe Data,5/K70
Fenix Monitoring,5/J5
Fermax UK,5/L115
First County Monitoring,5/K32
Force Contracting Services,5/N142
Fortus,5/H40
Galaxy Control Systems,5/L31
Gallagher Security Europe,5/K80
Genetec,5/H45
Grosvenor Technology,5/H135
Hanwha Vision Europe,5/G40
HID,"5/F40, 5/J140c"
Hikvision,5/J110
HKC Security,5/F50
Hytera Communications,5/H10
ICS Security Solutions,5/J80
IDCUBE,5/J140f
IDIS Europe,5/N80
IDL/ Fastlane,5/H60
idXtra,5/N65
iLOQ,5/J140h
IN2 Access & Control,5/M113
Inner Range,5/L85
InstallerPro,5/K115
Integrated Control Technology,5/M65
Intercall,5/G137
International Security Journal (ISJ),5/Q100
Intratone,5/H136
InVentry,5/L75
IP Door Entry,5/L45
Iriz ID,5/Q122
ISEO UKI,5/P62
Jacksons Fencing,5/H132
Jauch Quartz,5/N69
JWM Hi Tech Development,5/J125
Keri Systems,5/L90
Keynetics,5/H127
KJ Tech,5/L126
Kopek Security & Facilities,5/N140
Ksenia Security,5/F117
Lenel S2,"5/P75, 5/P80"
LiftMaster / Easygates Direct,5/H125
Locinox,5/K133
Loss Prevention Certification Board (LPCB),5/M150
Loxal Security,5/P92
Makim Makina,5/J40
Mast Digital UK,5/H110
Maxvision,5/L57
Metador,5/G110
"METAIAM CO., LTD",5/L42
Micae Electronics,5/M68
Microlink Networks,5/M95
Milestone Systems,"5/P75, 5/P80"
Millbeck Communications,5/H119
Monitoreal,5/L25
Morning Tech,5/M105
Morse Watchmans,5/H50
Nedap Security Management,5/G90
Netcelero,5/H117
Nimans Security,5/K120
Nine ID,5/Q95
NSI,5/F140
Oprema,5/G100
Orbis Protect,5/N90
OSS,5/K142
PACOM,5/F100
Paige Datacom,5/P60
PARFAS,5/L108
Parking Facilities,5/N120
Pinnacle Systems,5/H20
Procell,5/J90
Professional Security Installer (PSI),5/P84
Prysm Software,5/H103
Puretech,5/K20
QED,5/L125
Quanika,5/K70
Readymade Gates,5/P125
Remark AI UK,5/L100
Rocklion,5/N95
SAFR from RealNetworks,5/H107
SALTO Systems,5/L60
Satsecure,5/H5
Security Dynamics,5/F107
Security Matters,5/P93
Security Trade Products,5/G135
Sensor Access Technology,5/L43
sesamsec,5/M66
Sharry,5/J140g
Skills for Security,5/E140
Smart Choice Security / Simpled Tech,5/N111
SOCA TECHNOLOGY,5/L97
STid,5/L35
Suprema,5/J60
Sureview Systems,5/K47
Synguard,5/H20
System Q,5/H150
SystemHouse Solutions,5/K152
Tapkey,5/J140a
Tavcom Training,5/M124
Technical Resources,5/F110
TechnoPurple Guard Patrol Management Platform,5/M90
Telaeris,5/L55
The Keysafe Company,5/M135
TKH UK,5/G50a
Touch2access,5/J140d
Trade ID,5/G140
TVT Digital Technology,5/F120
Union Optech,5/J105
UNIVIEW,"5/G10, 5/H5, 5/H95, 5/H105, 5/K40"
Vaylia,5/H140
Verkada,5/N70
Vicon,5/K15
Video-Star Electronics,5/M115
Vital Trace,5/J107
VOLO,5/K70
Wall 2 Wall Security,5/L102
WaveLynx,5/J140e
Webro Cable and Connectors,5/L70
Xenon Smart,5/L52
XRAY HIRE,5/N145
Zenitel,"5/G90, 5/K70"
Zitko Group,5/G5
ZKTeco,5/J127
